trial,n_cut,z_score,left_p_value
1,9.89964041080755,-6.438183139319207,0.0196078431372549
2,9.859458770921993,-7.84643472851473,0.0196078431372549
3,9.881875152547124,-7.200766613397554,0.0196078431372549
4,9.877765180657041,-7.3574961852326,0.0196078431372549
5,9.886346072356554,-5.865707382159584,0.0196078431372549
