mean_percentiles,range_percentiles,chi2_p_means,chi2_p_ranges,combined_p_means,combined_p_ranges
0.33957219251336895,0.5062388591800357,7.783471950989761e-10,0.7511587288433825,1.6385500522139514e-06,0.19632877765862242
