mean_percentiles,range_percentiles,chi2_p_means,chi2_p_ranges,combined_p_means,combined_p_ranges
0.3391003460207612,0.5882352941176471,3.194592834982949e-08,0.2041735416797158,4.0707156683972784e-05,0.14674286023967198
