mean_percentiles,range_percentiles,chi2_p_means,chi2_p_ranges,combined_p_means,combined_p_ranges
0.29988465974625145,0.7370242214532872,6.655886060869664e-06,0.20417354167971538,5.317849899966179e-05,0.9974365118831726
