trial,n_cut,z_score,left_p_value
1,10.087342903735703,3.3982259685732545,1.0
2,10.07987561989184,3.819381536988279,1.0
3,10.396541919985776,5.339419947714192,0.9803921568627451
4,10.341448492177541,4.472666171563242,0.9803921568627451
5,10.022633667602776,1.527517483021357,0.8823529411764706
