trial,n_cut,z_score,left_p_value
1,9.628802398318394,-10.318774367898992,0.0196078431372549
2,9.625243062459358,-13.315927562429314,0.0196078431372549
3,9.563282095497243,-10.279551656096617,0.0196078431372549
4,9.63955826932466,-10.762036450877748,0.0196078431372549
5,9.609148022003051,-10.504989596877845,0.0196078431372549
