trial,n_cut,z_score,left_p_value
1,10.023840136330225,-6.033631410441567,0.0196078431372549
2,10.018765357352915,-9.646144547973979,0.0196078431372549
3,10.01989583148869,-4.843096180352773,0.0196078431372549
4,10.019099215510545,-6.83385654914586,0.0196078431372549
5,10.212055147161378,0.5333956541893312,0.8431372549019608
